Step,Active_Hosts,Total_Power_W,Max_Temperature_C
0,2,298.8080625,71.6840263896134
1,1,158.184,70.69950692304639
2,1,161.2259375,70.05880280899075
3,1,182.38810416666666,74.93925278272032
4,1,201.67106249999998,76.9348883151895
5,1,208.35489583333333,77.27290031802066
6,1,215.14285416666664,78.24916871576993
7,1,225.70162499999998,79.79247820127594
8,1,226.35364583333336,79.3681884099649
9,1,226.91145833333337,78.72564542583727
10,1,228.78322916666667,78.0541769308484
11,1,228.91214583333334,77.51530814063024
12,1,268.4994791666667,82.00309697261308
13,2,513.7518125,86.74908784561079
14,2,698.5860833333334,97.12486740560158
15,3,958.8497708333334,97.10171317512675
16,4,1197.1554791666667,97.14195417348549
17,4,1285.9517916666668,97.15722583623223
18,4,1331.7072916666668,97.1667031272825
19,4,1330.9337916666668,97.1893260491299
20,4,1323.2930000000001,97.24327985188448
21,4,1346.5971666666667,97.19648864738862
22,4,1394.3831041666667,97.24487717121801
23,5,1589.4595833333333,97.34726174575954
24,5,1590.4958749999998,97.31446002168823
25,5,1612.7711874999998,97.33794232962558
26,5,1672.0158333333331,97.33105484065746
27,5,1656.7987083333333,97.30379063196054
28,5,1657.1805,97.28129950522508
29,5,1634.7142916666664,97.22908970347547
30,5,1634.6622291666665,97.2563734096529
31,5,1635.9985,97.29332697170577
32,5,1599.8497708333332,97.27605064598859
33,5,1600.5836041666666,97.29651573607046
34,5,1584.9375833333334,97.21795102977578
35,5,1564.5439583333332,97.22671281813153
36,5,1520.5635416666667,97.20777478310224
37,5,1520.9651666666666,97.23819405115523
38,5,1517.3133541666666,97.21446436747803
39,5,1517.1199791666668,97.1762377537571
40,5,1479.0077500000002,96.65390534455159
41,5,1462.3452708333334,96.69278538632753
42,5,1432.064729166667,95.61944882362086
43,5,1429.6772916666669,95.61355960745598
44,5,1410.7339791666668,95.58043337532372
45,5,1361.0762708333334,95.56550559549494
46,5,1288.3028125,91.11273725813658
47,5,1263.7045208333332,90.75722673876285
48,5,1243.3381666666667,90.7419243185697
49,5,1226.3583541666667,90.62977725855855
50,5,1227.5657083333333,89.94215066993151
51,5,1213.2609166666666,89.8242276895682
52,5,1192.381375,90.08022295577219
53,5,1168.0706666666665,89.49660131442224
54,5,1170.6093333333333,88.25816567980398
55,5,1170.8597291666665,88.18347429155807
56,5,1133.1813541666666,87.9450626347995
57,5,1127.1520208333334,87.94169700761894
58,5,1127.0131875,87.94418147395737
59,5,1127.5139791666666,87.63585242391645
60,5,1128.49325,87.48126360176849
61,5,1129.3163333333334,87.4716126116829
62,5,1125.6917916666666,87.43584739700034
63,5,1128.9023124999999,87.42205133264763
64,5,1123.2126250000001,87.4616518139428
65,5,1102.3033333333333,87.52727645428773
66,5,1050.2606666666666,86.99808663590886
67,5,1011.3898125,86.85627291563013
68,5,991.8961250000001,86.90260260733262
69,5,991.7151458333334,87.41818731830428
70,5,989.5781041666667,86.9037167921514
71,5,1004.5200416666668,87.4858026259535
72,5,1025.8855,83.77006859307107
73,5,1034.6146458333333,83.74128644980175
74,5,1108.2012708333332,83.3816961141115
75,5,1210.5387916666668,83.45033851541942
76,5,1281.4503958333335,83.3711142364674
77,5,1349.8679583333333,83.70765036711086
78,5,1440.169125,89.12067526239446
79,5,1504.1564166666667,92.58520590734763
80,5,1535.6988541666665,93.8502980721038
81,5,1566.3438333333334,95.51209959617053
82,5,1566.638854166667,95.53253591425884
83,5,1565.4538125,95.55580915767008
84,4,1400.3191870265152,95.49757811235813
85,4,1350.904437026515,95.48622443745313
86,4,1353.5715696022728,95.54897032358602
87,4,1323.7273612689396,95.52221086614571
88,4,1311.6286737689395,95.48132042098891
89,4,1375.7399237689394,95.54995337309293
90,4,1393.4039862689392,95.63347313142037
91,4,1365.7364862689396,94.7787536715308
92,4,1367.0231737689396,94.83675213947564
93,4,1354.2381112689395,94.74716670902566
94,4,1355.2570487689395,94.75292843746323
95,4,1355.0537571022728,94.8311138545078
96,4,1322.9014446022727,94.7788399456714
97,4,1290.9282518939394,94.76579398901904
98,4,1275.0541477272727,94.81376219733158
99,4,1258.2181268939394,94.7548600504827
100,4,1227.042606060606,94.74261684732659
101,4,1211.245356060606,94.80305587463937
102,4,1181.3788352272727,93.96055983285216
103,4,1180.5855018939394,93.93079105861558
104,4,1164.3320852272727,93.97316323601561
105,4,1162.6115435606062,93.9224443483075
106,4,1162.195043560606,93.91238010455808
107,4,1158.2730018939394,93.96038492378932
108,4,1157.881293560606,93.92486897160444
109,4,1128.3073143939396,93.03127100404389
110,4,1125.6744393939393,93.1207260996291
111,4,1098.6515227272728,92.98969693873721
112,4,1097.362356060606,93.21298105956097
113,4,1080.8734185606058,93.18243053401635
114,4,1065.2670643939393,90.15791053985699
115,4,1050.9597935606062,90.16748379601214
116,4,1034.9418977272726,91.63533527471266
117,4,1019.737168560606,91.6445698667332
118,4,1018.457918560606,91.71398901146398
119,4,990.730918560606,91.76680447781283
120,4,975.4939602272727,89.74087949571532
121,4,972.3131893939394,90.27471318340318
122,4,943.1705852272727,89.49566884370292
123,4,928.255918560606,89.53240273294894
124,4,896.9787518939393,88.78936396182326
125,4,881.6475852272727,89.35112809544647
126,4,880.6559185606061,89.50444335791937
127,4,877.864827651515,89.71266680645903
128,4,877.7879734848484,89.74952111081649
129,4,846.2951193181818,87.38849283762976
130,4,845.8662234848484,86.67137521566328
131,4,830.4210151515151,86.6997745645026
132,4,825.2098068181817,87.16884577459534
133,4,809.405119318182,87.51826781831763
134,4,792.7798276515152,87.66044921876136
135,4,767.6633901515152,85.82137095339985
136,4,758.9491193181818,84.25213747662315
137,4,731.0510568181819,84.64441951534623
138,4,730.6395151515153,84.63924832834834
139,4,730.3544109848485,84.63677955874753
140,4,714.4877443181817,84.61649269457789
141,4,694.8109526515152,84.63334790479144
142,4,694.7812026515152,84.6197496356084
143,4,683.5828068181818,82.78110492299223
